timestamp,zone_name,import_price_uah_kwh,load_kwh,pv_generation_kwh,pv_to_load_kwh,pv_to_battery_kwh,battery_to_load_kwh,grid_to_load_kwh,grid_to_battery_kwh,grid_import_kwh,grid_export_kwh,soc_pct,import_cost_uah,export_revenue_uah,net_cost_uah,temperature_c,insolation_kw_m2
2025-06-02 00:00:00,night,5.6,30.0,0.0,0.0,0.0,0.0,30.0,21.74021739130435,51.74021739130435,0.0,90.0,289.7452173913043,0.0,289.7452173913043,14.03,0.0
2025-06-02 01:00:00,night,5.6,30.0,0.0,0.0,0.0,25.0,5.0,25.0,30.0,0.0,81.64857391304348,168.0,0.0,168.0,18.26,0.0
2025-06-02 02:00:00,night,5.6,30.0,0.0,0.0,0.0,25.0,5.0,25.0,30.0,0.0,73.29748188313043,168.0,0.0,168.0,17.55,0.0
2025-06-02 03:00:00,night,5.6,30.0,0.0,0.0,0.0,24.51549299257335,5.48450700742665,25.0,30.48450700742665,0.0,66.0,170.71323924158924,0.0,170.71323924158924,13.65,0.0
2025-06-02 04:00:00,night,5.6,30.0,0.0,0.0,0.0,21.1587856,8.841214399999998,25.0,33.8412144,0.0,66.0,189.51080063999999,0.0,189.51080063999999,19.81,0.0
2025-06-02 05:00:00,night,5.6,32.777,0.0,0.0,0.0,21.1587856,11.6182144,25.0,36.6182144,0.0,66.0,205.06200063999998,0.0,205.06200063999998,15.01,0.0
2025-06-02 06:00:00,night,5.6,41.319,0.0,0.0,0.0,21.1587856,20.1602144,25.0,45.1602144,0.0,66.0,252.89720064,0.0,252.89720064,15.66,0.0
2025-06-02 07:00:00,half_peak,6.9,39.823,14.759034,14.759034,0.0,21.1587856,3.905180399999999,0.0,3.905180399999999,0.0,20.0,26.945744759999993,0.0,26.945744759999993,21.03,0.263
2025-06-02 08:00:00,peak,9.0,42.955,21.32484,21.32484,0.0,0.0,21.63016,0.0,21.63016,0.0,20.0,194.67144,0.0,194.67144,17.45,0.38
2025-06-02 09:00:00,peak,9.0,41.496,26.768285999999996,26.768285999999996,0.0,0.0,14.727714000000006,0.0,14.727714000000006,0.0,20.0,132.54942600000004,0.0,132.54942600000004,20.26,0.477
2025-06-02 10:00:00,peak,9.0,39.779,45.118871999999996,39.779,5.339871999999993,0.0,0.0,0.0,0.0,0.0,29.825364479999987,0.0,0.0,0.0,19.75,0.804
2025-06-02 11:00:00,half_peak,6.9,43.483,47.30747399999999,43.483,3.824473999999995,0.0,0.0,0.0,0.0,0.0,36.86120362542078,0.0,0.0,0.0,21.72,0.843
2025-06-02 12:00:00,half_peak,6.9,45.844,51.90873697151999,45.844,6.0647369715199915,0.0,0.0,0.0,0.0,0.0,48.01884520487255,0.0,0.0,0.0,27.94,0.936
2025-06-02 13:00:00,half_peak,6.9,36.971,37.430706,36.971,0.45970600000000417,0.0,0.0,0.0,0.0,0.0,48.862783491064356,0.0,0.0,0.0,23.24,0.667
2025-06-02 14:00:00,half_peak,6.9,39.462,46.241232,39.462,6.779231999999993,0.0,0.0,0.0,0.0,0.0,61.33461585972469,0.0,0.0,0.0,20.96,0.824
2025-06-02 15:00:00,half_peak,6.9,46.287,34.62480599999999,34.62480599999999,0.0,11.662194000000007,0.0,0.0,0.0,0.0,35.979566822916375,0.0,0.0,0.0,23.06,0.617
2025-06-02 16:00:00,half_peak,6.9,47.579,22.559435999999998,22.559435999999998,0.0,0.0,25.019564000000003,0.0,25.019564000000003,0.0,35.97812764024346,172.63499160000003,0.0,172.63499160000003,17.62,0.402
2025-06-02 17:00:00,peak,9.0,42.841,9.708414,9.708414,0.0,7.349276716963409,25.783309283036594,0.0,25.783309283036594,0.0,20.0,232.04978354732935,0.0,232.04978354732935,18.5,0.173
2025-06-02 18:00:00,peak,9.0,38.858,0.0,0.0,0.0,0.0,38.858,0.0,38.858,0.0,20.0,349.722,0.0,349.722,19.02,0.0
2025-06-02 19:00:00,peak,9.0,40.794,0.0,0.0,0.0,0.0,40.794,0.0,40.794,0.0,20.0,367.14599999999996,0.0,367.14599999999996,17.44,0.0
2025-06-02 20:00:00,peak,9.0,39.054,0.0,0.0,0.0,0.0,39.054,0.0,39.054,0.0,20.0,351.486,0.0,351.486,21.26,0.0
2025-06-02 21:00:00,peak,9.0,42.87,0.0,0.0,0.0,0.0,42.87,0.0,42.87,0.0,20.0,385.83,0.0,385.83,19.71,0.0
2025-06-02 22:00:00,half_peak,6.9,30.0,0.0,0.0,0.0,0.0,30.0,0.0,30.0,0.0,20.0,207.0,0.0,207.0,16.99,0.0
2025-06-02 23:00:00,night,5.6,30.0,0.0,0.0,0.0,0.0,30.0,25.0,55.0,0.0,66.0,308.0,0.0,308.0,16.66,0.0
2025-06-03 00:00:00,night,5.6,30.0,0.0,0.0,0.0,21.1587856,8.841214399999998,25.0,33.8412144,0.0,66.0,189.51080063999999,0.0,189.51080063999999,13.85,0.0
2025-06-03 01:00:00,night,5.6,30.0,0.0,0.0,0.0,21.1587856,8.841214399999998,25.0,33.8412144,0.0,66.0,189.51080063999999,0.0,189.51080063999999,14.15,0.0
2025-06-03 02:00:00,night,5.6,30.0,0.0,0.0,0.0,21.1587856,8.841214399999998,25.0,33.8412144,0.0,66.0,189.51080063999999,0.0,189.51080063999999,11.61,0.0
2025-06-03 03:00:00,night,5.6,41.544,0.0,0.0,0.0,21.1587856,20.385214399999995,25.0,45.385214399999995,0.0,66.0,254.15720063999996,0.0,254.15720063999996,17.34,0.0
2025-06-03 04:00:00,night,5.6,30.0,0.0,0.0,0.0,21.1587856,8.841214399999998,25.0,33.8412144,0.0,66.0,189.51080063999999,0.0,189.51080063999999,15.95,0.0
2025-06-03 05:00:00,night,5.6,30.0,0.0,0.0,0.0,21.1587856,8.841214399999998,25.0,33.8412144,0.0,66.0,189.51080063999999,0.0,189.51080063999999,15.75,0.0
2025-06-03 06:00:00,night,5.6,41.307,0.0,0.0,0.0,21.1587856,20.1482144,25.0,45.1482144,0.0,66.0,252.83000063999998,0.0,252.83000063999998,12.76,0.0
2025-06-03 07:00:00,half_peak,6.9,39.645,12.233723999999999,12.233723999999999,0.0,21.1587856,6.252490400000003,0.0,6.252490400000003,0.0,20.0,43.14218376000002,0.0,43.14218376000002,24.79,0.218
2025-06-03 08:00:00,peak,9.0,40.729,17.677169999999997,17.677169999999997,0.0,0.0,23.051830000000002,0.0,23.051830000000002,0.0,20.0,207.46647000000002,0.0,207.46647000000002,19.56,0.315
2025-06-03 09:00:00,peak,9.0,43.869,33.334092,33.334092,0.0,0.0,10.534908000000001,0.0,10.534908000000001,0.0,20.0,94.81417200000001,0.0,94.81417200000001,18.75,0.594
2025-06-03 10:00:00,peak,9.0,46.554,36.588936000000004,36.588936000000004,0.0,0.0,9.965063999999998,0.0,9.965063999999998,0.0,20.0,89.68557599999998,0.0,89.68557599999998,20.12,0.652
2025-06-03 11:00:00,half_peak,6.9,40.923,46.634057999999996,40.923,5.711057999999994,0.0,0.0,0.0,0.0,0.0,30.50834671999999,0.0,0.0,0.0,22.96,0.831
2025-06-03 12:00:00,half_peak,6.9,37.711,43.266977999999995,37.711,5.555977999999996,0.0,0.0,0.0,0.0,0.0,40.730125906131185,0.0,0.0,0.0,21.37,0.771
2025-06-03 13:00:00,half_peak,6.9,40.568,55.27623,40.568,14.70823,0.0,0.0,0.0,0.0,0.0,67.79163990109494,0.0,0.0,0.0,20.01,0.985
2025-06-03 14:00:00,half_peak,6.9,39.932,43.154742,39.932,3.2227419999999967,0.0,0.0,0.0,0.0,0.0,73.71877351549888,0.0,0.0,0.0,23.66,0.769
2025-06-03 15:00:00,half_peak,6.9,46.532,29.125242,29.125242,0.0,17.406757999999996,0.0,0.0,0.0,0.0,35.87504650368871,0.0,0.0,0.0,23.17,0.519
2025-06-03 16:00:00,half_peak,6.9,45.833,26.543813999999998,26.543813999999998,0.0,0.0,19.289186,0.0,19.289186,0.0,35.873611501828556,133.0953834,0.0,133.0953834,23.45,0.473
2025-06-03 17:00:00,peak,9.0,43.034,13.468319999999999,13.468319999999999,0.0,7.301201216389503,22.2644787836105,0.0,22.2644787836105,0.0,20.0,200.3803090524945,0.0,200.3803090524945,19.06,0.24
2025-06-03 18:00:00,peak,9.0,40.583,0.0,0.0,0.0,0.0,40.583,0.0,40.583,0.0,20.0,365.24699999999996,0.0,365.24699999999996,18.47,0.0
2025-06-03 19:00:00,peak,9.0,41.219,0.0,0.0,0.0,0.0,41.219,0.0,41.219,0.0,20.0,370.971,0.0,370.971,23.63,0.0
2025-06-03 20:00:00,peak,9.0,36.657,0.0,0.0,0.0,0.0,36.657,0.0,36.657,0.0,20.0,329.91299999999995,0.0,329.91299999999995,18.24,0.0
2025-06-03 21:00:00,peak,9.0,40.313,0.0,0.0,0.0,0.0,40.313,0.0,40.313,0.0,20.0,362.817,0.0,362.817,17.39,0.0
2025-06-03 22:00:00,half_peak,6.9,30.0,0.0,0.0,0.0,0.0,30.0,0.0,30.0,0.0,20.0,207.0,0.0,207.0,19.42,0.0
2025-06-03 23:00:00,night,5.6,32.221,0.0,0.0,0.0,0.0,32.221,25.0,57.221,0.0,66.0,320.4376,0.0,320.4376,16.7,0.0
2025-06-04 00:00:00,night,5.6,30.0,0.0,0.0,0.0,21.1587856,8.841214399999998,25.0,33.8412144,0.0,66.0,189.51080063999999,0.0,189.51080063999999,17.92,0.0
2025-06-04 01:00:00,night,5.6,30.0,0.0,0.0,0.0,21.1587856,8.841214399999998,25.0,33.8412144,0.0,66.0,189.51080063999999,0.0,189.51080063999999,13.38,0.0
2025-06-04 02:00:00,night,5.6,30.0,0.0,0.0,0.0,21.1587856,8.841214399999998,25.0,33.8412144,0.0,66.0,189.51080063999999,0.0,189.51080063999999,13.68,0.0
2025-06-04 03:00:00,night,5.6,30.0,0.0,0.0,0.0,21.1587856,8.841214399999998,25.0,33.8412144,0.0,66.0,189.51080063999999,0.0,189.51080063999999,14.66,0.0
2025-06-04 04:00:00,night,5.6,30.0,0.0,0.0,0.0,21.1587856,8.841214399999998,25.0,33.8412144,0.0,66.0,189.51080063999999,0.0,189.51080063999999,17.68,0.0
2025-06-04 05:00:00,night,5.6,30.0,0.0,0.0,0.0,21.1587856,8.841214399999998,25.0,33.8412144,0.0,66.0,189.51080063999999,0.0,189.51080063999999,15.02,0.0
2025-06-04 06:00:00,night,5.6,38.745,0.0,0.0,0.0,21.1587856,17.586214399999996,25.0,42.586214399999996,0.0,66.0,238.48280063999997,0.0,238.48280063999997,15.12,0.0
2025-06-04 07:00:00,half_peak,6.9,40.899,10.101239999999999,10.101239999999999,0.0,21.1587856,9.638974400000002,0.0,9.638974400000002,0.0,20.0,66.50892336000001,0.0,66.50892336000001,18.05,0.18
2025-06-04 08:00:00,peak,9.0,39.344,25.645926,25.645926,0.0,0.0,13.698074000000002,0.0,13.698074000000002,0.0,20.0,123.28266600000002,0.0,123.28266600000002,20.95,0.457
2025-06-04 09:00:00,peak,9.0,42.536,31.594433999999993,31.594433999999993,0.0,0.0,10.941566000000009,0.0,10.941566000000009,0.0,20.0,98.47409400000008,0.0,98.47409400000008,22.11,0.563
2025-06-04 10:00:00,peak,9.0,45.262,20.370834,20.370834,0.0,0.0,24.891166000000002,0.0,24.891166000000002,0.0,20.0,224.020494,0.0,224.020494,22.05,0.363
2025-06-04 11:00:00,half_peak,6.9,40.044,44.95248437472,40.044,4.908484374720004,0.0,0.0,0.0,0.0,0.0,29.031611249484808,0.0,0.0,0.0,26.54,0.806
2025-06-04 12:00:00,half_peak,6.9,41.093,42.818034,41.093,1.7250339999999937,0.0,0.0,0.0,0.0,0.0,32.20451254503482,0.0,0.0,0.0,22.19,0.763
2025-06-04 13:00:00,half_peak,6.9,38.143,32.885147999999994,32.885147999999994,0.0,0.0,5.257852000000007,0.0,5.257852000000007,0.0,32.203224364533014,36.27917880000005,0.0,36.27917880000005,22.22,0.586
2025-06-04 14:00:00,half_peak,6.9,41.132,27.890646,27.890646,0.0,0.0,13.241353999999998,0.0,13.241353999999998,0.0,32.201936235558435,91.36534259999999,0.0,91.36534259999999,22.27,0.497
2025-06-04 15:00:00,half_peak,6.9,43.978,34.680924,34.680924,0.0,0.0,9.297076000000004,0.0,9.297076000000004,0.0,32.20064815810901,64.14982440000003,0.0,64.14982440000003,24.88,0.618
2025-06-04 16:00:00,half_peak,6.9,44.124,16.779282,16.779282,0.0,0.0,27.344718000000004,0.0,27.344718000000004,0.0,32.19936013218268,188.67855420000004,0.0,188.67855420000004,22.38,0.299
2025-06-04 17:00:00,peak,9.0,40.473,14.029499999999999,14.029499999999999,0.0,5.611113192577602,20.8323868074224,0.0,20.8323868074224,0.0,20.0,187.4914812668016,0.0,187.4914812668016,19.03,0.25
2025-06-04 18:00:00,peak,9.0,37.775,0.0,0.0,0.0,0.0,37.775,0.0,37.775,0.0,20.0,339.97499999999997,0.0,339.97499999999997,19.27,0.0
2025-06-04 19:00:00,peak,9.0,42.985,0.0,0.0,0.0,0.0,42.985,0.0,42.985,0.0,20.0,386.865,0.0,386.865,23.26,0.0
2025-06-04 20:00:00,peak,9.0,37.963,0.0,0.0,0.0,0.0,37.963,0.0,37.963,0.0,20.0,341.66700000000003,0.0,341.66700000000003,17.94,0.0
2025-06-04 21:00:00,peak,9.0,39.127,0.0,0.0,0.0,0.0,39.127,0.0,39.127,0.0,20.0,352.14300000000003,0.0,352.14300000000003,18.53,0.0
2025-06-04 22:00:00,half_peak,6.9,30.0,0.0,0.0,0.0,0.0,30.0,0.0,30.0,0.0,20.0,207.0,0.0,207.0,18.38,0.0
2025-06-04 23:00:00,night,5.6,30.0,0.0,0.0,0.0,0.0,30.0,25.0,55.0,0.0,66.0,308.0,0.0,308.0,19.42,0.0
2025-06-05 00:00:00,night,5.6,30.0,0.0,0.0,0.0,21.1587856,8.841214399999998,25.0,33.8412144,0.0,66.0,189.51080063999999,0.0,189.51080063999999,15.16,0.0
2025-06-05 01:00:00,night,5.6,30.0,0.0,0.0,0.0,21.1587856,8.841214399999998,25.0,33.8412144,0.0,66.0,189.51080063999999,0.0,189.51080063999999,14.4,0.0
2025-06-05 02:00:00,night,5.6,30.0,0.0,0.0,0.0,21.1587856,8.841214399999998,25.0,33.8412144,0.0,66.0,189.51080063999999,0.0,189.51080063999999,15.49,0.0
2025-06-05 03:00:00,night,5.6,30.0,0.0,0.0,0.0,21.1587856,8.841214399999998,25.0,33.8412144,0.0,66.0,189.51080063999999,0.0,189.51080063999999,18.11,0.0
2025-06-05 04:00:00,night,5.6,30.0,0.0,0.0,0.0,21.1587856,8.841214399999998,25.0,33.8412144,0.0,66.0,189.51080063999999,0.0,189.51080063999999,14.93,0.0
2025-06-05 05:00:00,night,5.6,30.0,0.0,0.0,0.0,21.1587856,8.841214399999998,25.0,33.8412144,0.0,66.0,189.51080063999999,0.0,189.51080063999999,14.71,0.0
2025-06-05 06:00:00,night,5.6,38.914,0.0,0.0,0.0,21.1587856,17.7552144,25.0,42.7552144,0.0,66.0,239.42920063999998,0.0,239.42920063999998,16.14,0.0
2025-06-05 07:00:00,half_peak,6.9,41.202,14.927388,14.927388,0.0,21.1587856,5.115826399999996,0.0,5.115826399999996,0.0,20.0,35.29920215999997,0.0,35.29920215999997,17.84,0.266
2025-06-05 08:00:00,peak,9.0,37.596,18.069996,18.069996,0.0,0.0,19.526003999999997,0.0,19.526003999999997,0.0,20.0,175.73403599999997,0.0,175.73403599999997,19.92,0.322
2025-06-05 09:00:00,peak,9.0,46.071,37.31847,37.31847,0.0,0.0,8.75253,0.0,8.75253,0.0,20.0,78.77277000000001,0.0,78.77277000000001,16.8,0.665
2025-06-05 10:00:00,peak,9.0,40.013,33.67079999999999,33.67079999999999,0.0,0.0,6.342200000000005,0.0,6.342200000000005,0.0,20.0,57.07980000000005,0.0,57.07980000000005,20.23,0.6
2025-06-05 11:00:00,half_peak,6.9,44.721,55.66905599999999,44.721,10.948055999999994,0.0,0.0,0.0,0.0,0.0,40.14442303999999,0.0,0.0,0.0,22.03,0.992
2025-06-05 12:00:00,half_peak,6.9,37.046,48.82266,37.046,11.77666,0.0,0.0,0.0,0.0,0.0,61.811871663078385,0.0,0.0,0.0,22.43,0.87
2025-06-05 13:00:00,half_peak,6.9,38.125,33.053501999999995,33.053501999999995,0.0,5.071498000000005,0.0,0.0,0.0,0.0,50.78440353603795,0.0,0.0,0.0,21.37,0.589
2025-06-05 14:00:00,half_peak,6.9,39.055,32.323967999999994,32.323967999999994,0.0,0.0,6.731032000000006,0.0,6.731032000000006,0.0,50.7823721598965,46.44412080000004,0.0,46.44412080000004,23.51,0.576
2025-06-05 15:00:00,half_peak,6.9,46.976,35.522694,35.522694,0.0,0.0,11.453305999999998,0.0,11.453305999999998,0.0,50.780340865010096,79.02781139999999,0.0,79.02781139999999,23.83,0.633
2025-06-05 16:00:00,half_peak,6.9,45.297,28.788534,28.788534,0.0,0.0,16.508466,0.0,16.508466,0.0,50.778309651375494,113.9084154,0.0,113.9084154,24.66,0.513
2025-06-05 17:00:00,peak,9.0,46.649,11.953133999999999,11.953133999999999,0.0,14.15708811873514,20.538777881264863,0.0,20.538777881264863,0.0,20.0,184.84900093138378,0.0,184.84900093138378,22.77,0.213
2025-06-05 18:00:00,peak,9.0,44.561,0.0,0.0,0.0,0.0,44.561,0.0,44.561,0.0,20.0,401.049,0.0,401.049,24.31,0.0
2025-06-05 19:00:00,peak,9.0,37.33,0.0,0.0,0.0,0.0,37.33,0.0,37.33,0.0,20.0,335.96999999999997,0.0,335.96999999999997,19.55,0.0
2025-06-05 20:00:00,peak,9.0,39.277,0.0,0.0,0.0,0.0,39.277,0.0,39.277,0.0,20.0,353.493,0.0,353.493,20.22,0.0
2025-06-05 21:00:00,peak,9.0,38.986,0.0,0.0,0.0,0.0,38.986,0.0,38.986,0.0,20.0,350.87399999999997,0.0,350.87399999999997,22.88,0.0
2025-06-05 22:00:00,half_peak,6.9,30.0,0.0,0.0,0.0,0.0,30.0,0.0,30.0,0.0,20.0,207.0,0.0,207.0,14.8,0.0
2025-06-05 23:00:00,night,5.6,30.0,0.0,0.0,0.0,0.0,30.0,25.0,55.0,0.0,66.0,308.0,0.0,308.0,19.54,0.0
2025-06-06 00:00:00,night,5.6,30.0,0.0,0.0,0.0,21.1587856,8.841214399999998,25.0,33.8412144,0.0,66.0,189.51080063999999,0.0,189.51080063999999,18.02,0.0
2025-06-06 01:00:00,night,5.6,30.0,0.0,0.0,0.0,21.1587856,8.841214399999998,25.0,33.8412144,0.0,66.0,189.51080063999999,0.0,189.51080063999999,17.02,0.0
2025-06-06 02:00:00,night,5.6,30.0,0.0,0.0,0.0,21.1587856,8.841214399999998,25.0,33.8412144,0.0,66.0,189.51080063999999,0.0,189.51080063999999,14.51,0.0
2025-06-06 03:00:00,night,5.6,30.0,0.0,0.0,0.0,21.1587856,8.841214399999998,25.0,33.8412144,0.0,66.0,189.51080063999999,0.0,189.51080063999999,16.92,0.0
2025-06-06 04:00:00,night,5.6,30.0,0.0,0.0,0.0,21.1587856,8.841214399999998,25.0,33.8412144,0.0,66.0,189.51080063999999,0.0,189.51080063999999,14.91,0.0
2025-06-06 05:00:00,night,5.6,30.0,0.0,0.0,0.0,21.1587856,8.841214399999998,25.0,33.8412144,0.0,66.0,189.51080063999999,0.0,189.51080063999999,19.68,0.0
2025-06-06 06:00:00,night,5.6,38.72,0.0,0.0,0.0,21.1587856,17.561214399999997,25.0,42.5612144,0.0,66.0,238.34280063999998,0.0,238.34280063999998,16.0,0.0
2025-06-06 07:00:00,half_peak,6.9,41.197,8.810526,8.810526,0.0,21.1587856,11.227688400000005,0.0,11.227688400000005,0.0,20.0,77.47104996000004,0.0,77.47104996000004,16.38,0.157
2025-06-06 08:00:00,peak,9.0,37.06,15.151860000000001,15.151860000000001,0.0,0.0,21.908140000000003,0.0,21.908140000000003,0.0,20.0,197.17326000000003,0.0,197.17326000000003,19.84,0.27
2025-06-06 09:00:00,peak,9.0,48.72,40.577071661279994,40.577071661279994,0.0,0.0,8.142928338720004,0.0,8.142928338720004,0.0,20.0,73.28635504848003,0.0,73.28635504848003,26.01,0.726
2025-06-06 10:00:00,peak,9.0,44.917,46.072877999999996,44.917,1.1558779999999942,0.0,0.0,0.0,0.0,0.0,22.12681551999999,0.0,0.0,0.0,22.93,0.821
2025-06-06 11:00:00,half_peak,6.9,42.602,40.966139999999996,40.966139999999996,0.0,0.0,1.635860000000001,0.0,1.635860000000001,0.0,22.12593044737919,11.287434000000008,0.0,11.287434000000008,19.69,0.73
2025-06-06 12:00:00,half_peak,6.9,37.347,39.33871799999999,37.347,1.9917179999999917,0.0,0.0,0.0,0.0,0.0,25.78980653016128,0.0,0.0,0.0,19.66,0.701
2025-06-06 13:00:00,half_peak,6.9,39.028,38.048004,38.048004,0.0,0.0,0.9799959999999999,0.0,0.9799959999999999,0.0,25.788774937900072,6.761972399999999,0.0,6.761972399999999,23.34,0.678
2025-06-06 14:00:00,half_peak,6.9,37.316,36.981762,36.981762,0.0,0.0,0.33423799999999915,0.0,0.33423799999999915,0.0,25.787743386902555,2.306242199999994,0.0,2.306242199999994,22.12,0.659
2025-06-06 15:00:00,half_peak,6.9,47.927,19.865772,19.865772,0.0,0.0,28.061228,0.0,28.061228,0.0,25.78671187716708,193.6224732,0.0,193.6224732,23.2,0.354
2025-06-06 16:00:00,half_peak,6.9,43.505,12.06537,12.06537,0.0,0.0,31.43963,0.0,31.43963,0.0,25.78568040869199,216.93344700000003,0.0,216.93344700000003,20.67,0.215
2025-06-06 17:00:00,peak,9.0,41.46,14.927388,14.927388,0.0,2.6609385314787968,23.8716734685212,0.0,23.8716734685212,0.0,20.0,214.84506121669082,0.0,214.84506121669082,20.43,0.266
2025-06-06 18:00:00,peak,9.0,42.99,0.0,0.0,0.0,0.0,42.99,0.0,42.99,0.0,20.0,386.91,0.0,386.91,24.34,0.0
2025-06-06 19:00:00,peak,9.0,40.805,0.0,0.0,0.0,0.0,40.805,0.0,40.805,0.0,20.0,367.245,0.0,367.245,24.21,0.0
2025-06-06 20:00:00,peak,9.0,41.675,0.0,0.0,0.0,0.0,41.675,0.0,41.675,0.0,20.0,375.075,0.0,375.075,17.94,0.0
2025-06-06 21:00:00,peak,9.0,38.951,0.0,0.0,0.0,0.0,38.951,0.0,38.951,0.0,20.0,350.559,0.0,350.559,17.48,0.0
2025-06-06 22:00:00,half_peak,6.9,30.0,0.0,0.0,0.0,0.0,30.0,0.0,30.0,0.0,20.0,207.0,0.0,207.0,15.76,0.0
2025-06-06 23:00:00,night,5.6,30.0,0.0,0.0,0.0,0.0,30.0,25.0,55.0,0.0,66.0,308.0,0.0,308.0,16.31,0.0
2025-06-07 00:00:00,night,5.6,30.0,0.0,0.0,0.0,21.1587856,8.841214399999998,25.0,33.8412144,0.0,66.0,189.51080063999999,0.0,189.51080063999999,15.39,0.0
2025-06-07 01:00:00,night,5.6,30.0,0.0,0.0,0.0,21.1587856,8.841214399999998,25.0,33.8412144,0.0,66.0,189.51080063999999,0.0,189.51080063999999,18.1,0.0
2025-06-07 02:00:00,night,5.6,30.0,0.0,0.0,0.0,21.1587856,8.841214399999998,25.0,33.8412144,0.0,66.0,189.51080063999999,0.0,189.51080063999999,17.32,0.0
2025-06-07 03:00:00,night,5.6,30.0,0.0,0.0,0.0,21.1587856,8.841214399999998,25.0,33.8412144,0.0,66.0,189.51080063999999,0.0,189.51080063999999,16.3,0.0
2025-06-07 04:00:00,night,5.6,30.0,0.0,0.0,0.0,21.1587856,8.841214399999998,25.0,33.8412144,0.0,66.0,189.51080063999999,0.0,189.51080063999999,19.58,0.0
2025-06-07 05:00:00,night,5.6,30.0,0.0,0.0,0.0,21.1587856,8.841214399999998,25.0,33.8412144,0.0,66.0,189.51080063999999,0.0,189.51080063999999,17.7,0.0
2025-06-07 06:00:00,night,5.6,35.239,0.0,0.0,0.0,21.1587856,14.080214399999996,25.0,39.080214399999996,0.0,66.0,218.84920063999996,0.0,218.84920063999996,18.63,0.0
2025-06-07 07:00:00,half_peak,6.9,34.222,14.983505999999998,14.983505999999998,0.0,19.238494000000003,0.0,0.0,0.0,0.0,24.174546956521738,0.0,0.0,0.0,20.13,0.267
2025-06-07 08:00:00,peak,9.0,32.392,25.870397999999998,25.870397999999998,0.0,1.9198467883359995,4.601755211664005,0.0,4.601755211664005,0.0,20.0,41.41579690497605,0.0,41.41579690497605,18.17,0.461
2025-06-07 09:00:00,peak,9.0,41.663,34.23197999999999,34.23197999999999,0.0,0.0,7.431020000000004,0.0,7.431020000000004,0.0,20.0,66.87918000000003,0.0,66.87918000000003,23.83,0.61
2025-06-07 10:00:00,peak,9.0,37.785,32.660675999999995,32.660675999999995,0.0,0.0,5.124324000000001,0.0,5.124324000000001,0.0,20.0,46.11891600000001,0.0,46.11891600000001,23.86,0.582
2025-06-07 11:00:00,half_peak,6.9,39.631,38.384712,38.384712,0.0,0.0,1.2462879999999998,0.0,1.2462879999999998,0.0,20.0,8.599387199999999,0.0,8.599387199999999,22.28,0.684
2025-06-07 12:00:00,half_peak,6.9,34.509,51.011261999999995,34.509,16.502261999999995,0.0,0.0,0.0,0.0,0.0,50.36416208,0.0,0.0,0.0,21.42,0.909
2025-06-07 13:00:00,half_peak,6.9,34.101,42.14202759311999,34.101,8.041027593119992,0.0,0.0,0.0,0.0,0.0,65.15763828485757,0.0,0.0,0.0,26.01,0.754
2025-06-07 14:00:00,half_peak,6.9,33.792,31.875023999999996,31.875023999999996,0.0,1.9169760000000053,0.0,0.0,0.0,0.0,60.98769284889137,0.0,0.0,0.0,23.21,0.568
2025-06-07 15:00:00,half_peak,6.9,39.384,35.691048,35.691048,0.0,3.6929519999999982,0.0,0.0,0.0,0.0,52.957096819438284,0.0,0.0,0.0,24.15,0.636
2025-06-07 16:00:00,half_peak,6.9,33.258,18.911766,18.911766,0.0,0.0,14.346234000000003,0.0,14.346234000000003,0.0,52.9549785355655,98.98901460000002,0.0,98.98901460000002,22.55,0.337
2025-06-07 17:00:00,peak,9.0,40.561,14.366207999999999,14.366207999999999,0.0,15.158315754755074,11.036476245244925,0.0,11.036476245244925,0.0,20.0,99.32828620720433,0.0,99.32828620720433,23.93,0.256
2025-06-07 18:00:00,peak,9.0,39.127,0.0,0.0,0.0,0.0,39.127,0.0,39.127,0.0,20.0,352.14300000000003,0.0,352.14300000000003,21.85,0.0
2025-06-07 19:00:00,peak,9.0,32.036,0.0,0.0,0.0,0.0,32.036,0.0,32.036,0.0,20.0,288.324,0.0,288.324,19.33,0.0
2025-06-07 20:00:00,peak,9.0,30.146,0.0,0.0,0.0,0.0,30.146,0.0,30.146,0.0,20.0,271.314,0.0,271.314,22.31,0.0
2025-06-07 21:00:00,peak,9.0,33.479,0.0,0.0,0.0,0.0,33.479,0.0,33.479,0.0,20.0,301.311,0.0,301.311,15.98,0.0
2025-06-07 22:00:00,half_peak,6.9,30.0,0.0,0.0,0.0,0.0,30.0,0.0,30.0,0.0,20.0,207.0,0.0,207.0,18.94,0.0
2025-06-07 23:00:00,night,5.6,30.0,0.0,0.0,0.0,0.0,30.0,25.0,55.0,0.0,66.0,308.0,0.0,308.0,18.02,0.0
2025-06-08 00:00:00,night,5.6,30.0,0.0,0.0,0.0,21.1587856,8.841214399999998,25.0,33.8412144,0.0,66.0,189.51080063999999,0.0,189.51080063999999,18.36,0.0
2025-06-08 01:00:00,night,5.6,30.0,0.0,0.0,0.0,21.1587856,8.841214399999998,25.0,33.8412144,0.0,66.0,189.51080063999999,0.0,189.51080063999999,18.63,0.0
2025-06-08 02:00:00,night,5.6,30.0,0.0,0.0,0.0,21.1587856,8.841214399999998,25.0,33.8412144,0.0,66.0,189.51080063999999,0.0,189.51080063999999,18.63,0.0
2025-06-08 03:00:00,night,5.6,30.0,0.0,0.0,0.0,21.1587856,8.841214399999998,25.0,33.8412144,0.0,66.0,189.51080063999999,0.0,189.51080063999999,14.56,0.0
2025-06-08 04:00:00,night,5.6,30.0,0.0,0.0,0.0,21.1587856,8.841214399999998,25.0,33.8412144,0.0,66.0,189.51080063999999,0.0,189.51080063999999,18.85,0.0
2025-06-08 05:00:00,night,5.6,30.0,0.0,0.0,0.0,21.1587856,8.841214399999998,25.0,33.8412144,0.0,66.0,189.51080063999999,0.0,189.51080063999999,19.78,0.0
2025-06-08 06:00:00,night,5.6,33.275,0.0,0.0,0.0,21.1587856,12.116214399999997,25.0,37.1162144,0.0,66.0,207.85080063999996,0.0,207.85080063999996,19.79,0.0
2025-06-08 07:00:00,half_peak,6.9,34.172,15.039624000000002,15.039624000000002,0.0,19.132375999999994,0.0,0.0,0.0,0.0,24.40523826086958,0.0,0.0,0.0,18.21,0.268
2025-06-08 08:00:00,peak,9.0,31.392,18.575058,18.575058,0.0,2.025960543616007,10.790981456383994,0.0,10.790981456383994,0.0,20.0,97.11883310745594,0.0,97.11883310745594,19.93,0.331
2025-06-08 09:00:00,peak,9.0,36.902,34.28809799999999,34.28809799999999,0.0,0.0,2.61390200000001,0.0,2.61390200000001,0.0,20.0,23.52511800000009,0.0,23.52511800000009,19.02,0.611
2025-06-08 10:00:00,peak,9.0,38.243,46.57794,38.243,8.334939999999996,0.0,0.0,0.0,0.0,0.0,35.33628959999999,0.0,0.0,0.0,24.21,0.83
2025-06-08 11:00:00,half_peak,6.9,35.999,45.848406,35.999,9.849405999999995,0.0,0.0,0.0,0.0,0.0,53.45778318841599,0.0,0.0,0.0,19.87,0.817
2025-06-08 12:00:00,half_peak,6.9,35.743,38.216358,35.743,2.4733579999999975,0.0,0.0,0.0,0.0,0.0,58.00662359708845,0.0,0.0,0.0,24.49,0.681
2025-06-08 13:00:00,half_peak,6.9,32.483,27.666173999999994,27.666173999999994,0.0,0.0,4.8168260000000025,0.0,4.8168260000000025,0.0,58.00430333214456,33.23609940000002,0.0,33.23609940000002,22.56,0.493
2025-06-08 14:00:00,half_peak,6.9,33.996,47.195238,33.996,13.199238000000001,0.0,0.0,0.0,0.0,0.0,82.28858108001127,0.0,0.0,0.0,23.87,0.841
2025-06-08 15:00:00,half_peak,6.9,37.31,41.078376,37.31,3.7683759999999964,0.0,0.0,0.0,0.0,0.0,89.21910137676805,0.0,0.0,0.0,24.33,0.732
2025-06-08 16:00:00,half_peak,6.9,38.6,28.395708,28.395708,0.0,10.204292000000002,0.0,0.0,0.0,0.0,67.0322891344521,0.0,0.0,0.0,21.29,0.506
2025-06-08 17:00:00,peak,9.0,37.96,11.111364,11.111364,0.0,21.63361960772789,5.2150163922721084,0.0,5.2150163922721084,0.0,20.0,46.93514753044897,0.0,46.93514753044897,16.39,0.198
2025-06-08 18:00:00,peak,9.0,39.075,0.0,0.0,0.0,0.0,39.075,0.0,39.075,0.0,20.0,351.675,0.0,351.675,19.93,0.0
2025-06-08 19:00:00,peak,9.0,35.041,0.0,0.0,0.0,0.0,35.041,0.0,35.041,0.0,20.0,315.36899999999997,0.0,315.36899999999997,21.34,0.0
2025-06-08 20:00:00,peak,9.0,32.192,0.0,0.0,0.0,0.0,32.192,0.0,32.192,0.0,20.0,289.728,0.0,289.728,21.58,0.0
2025-06-08 21:00:00,peak,9.0,34.818,0.0,0.0,0.0,0.0,34.818,0.0,34.818,0.0,20.0,313.36199999999997,0.0,313.36199999999997,22.41,0.0
2025-06-08 22:00:00,half_peak,6.9,30.0,0.0,0.0,0.0,0.0,30.0,0.0,30.0,0.0,20.0,207.0,0.0,207.0,18.95,0.0
2025-06-08 23:00:00,night,5.6,30.0,0.0,0.0,0.0,0.0,30.0,25.0,55.0,0.0,66.0,308.0,0.0,308.0,14.88,0.0
